Hanger_Form,,
Str_Hanger_Form,,
IntegerField_Hanger_Form,,
BooleanField_Hanger_Form,,"['Hanger_Form', 'Str_Hanger_Form', 'IntegerField_Hanger_Form', 'BooleanField_Hanger_Form', 'BigIntegerField_Hanger_Form', 'CharField_Hanger_Form', 'CommaSeparatedIntegerField_Hanger_Form', 'DateField_Hanger_Form', 'DateTimeField_Hanger_Form', 'DecimalField_Hanger_Form', 'EmailField_Hanger_Form', 'FileField_Hanger_Form', 'FilePathField_Hanger_Form', 'FloatField_Hanger_Form', 'ImageField_Hanger_Form', 'IPAddressField_Hanger_Form', 'GenericIPAddressField_Hanger_Form', 'NullBooleanField_Hanger_Form', 'PositiveIntegerField_Hanger_Form', 'PositiveSmallIntegerField_Hanger_Form', 'SlugField_Hanger_Form', 'SmallIntegerField_Hanger_Form', 'TextField_Hanger_Form', 'TimeField_Hanger_Form', 'URLField_Hanger_Form', 'ForeignKey_Hanger_Form', 'ManyToManyField_Hanger_Form']"
BigIntegerField_Hanger_Form,,
CharField_Hanger_Form,,
CommaSeparatedIntegerField_Hanger_Form,,
DateField_Hanger_Form,,
DateTimeField_Hanger_Form,,
DecimalField_Hanger_Form,,
EmailField_Hanger_Form,,
FileField_Hanger_Form,,
FilePathField_Hanger_Form,,
FloatField_Hanger_Form,,
ImageField_Hanger_Form,,
IPAddressField_Hanger_Form,,
GenericIPAddressField_Hanger_Form,,
NullBooleanField_Hanger_Form,,
PositiveIntegerField_Hanger_Form,,
PositiveSmallIntegerField_Hanger_Form,,
SlugField_Hanger_Form,,
SmallIntegerField_Hanger_Form,,
TextField_Hanger_Form,,
TimeField_Hanger_Form,,
URLField_Hanger_Form,,
ForeignKey_Hanger_Form,,
ManyToManyField_Hanger_Form,,
